"","AT","BE","BG","CA","CZ","DE","DK","ES","EE","FI","FR","UK","EL","HR","HU","IE","IT","JP","LT","LV","NL","NO","PL","PT","SK","SI","SE","SW","US"
"Cropland",0.02186208,-0.123965046285714,0.0262207347095238,0.153473806809524,-0.00399425638095238,-0.0500186567619048,0.000387302809523811,0.00120436085714286,0.133348811285714,-0.0910171091904762,-0.0814691235238095,-0.533439006857143,0.0287846212857143,-0.0262200684761905,0.0117280761904762,-0.000482047333333333,0.074687657047619,-0.250888066714286,0.00286857657142857,-0.00027632505,-0.423266995571429,-0.00253135628571429,-0.00803902352380952,-0.054245383047619,0.213230157571429,-0.00614844852380952,-0.059202541952381,0.039646947047619,0.0868303551904762
"Forest",0.128827151238095,0.0296080537619048,-0.015375454952381,0.0323918448571429,0.0217247385714286,0.348103121047619,0.030870873952381,0.0474875269047619,0.145142047190476,0.105446007761905,0.0296946869047619,0.20207307547619,0.000225754142857143,-0.00332065666666667,0.0320494184761905,-0.01699045,0.025137008,0.0286653243809524,0.0294135676190476,NA,0.00493032157142857,0.00247636442857143,0.116515654380952,0.055945702,0.0980076298571429,0.0280120790952381,0.0122230632380952,0.184626413095238,0.00151666968571429
"Grassland",0.0445070700952381,0.0259210695714286,0.149815578666667,NA,0.106659542619048,0.160307725809524,-0.010021657047619,0.0403910071904762,0.144505559857143,0.0361033248571429,0.157819329571429,0.192988391285714,0.0445591673809524,0.0491541891904762,0.0643825648095238,0.100172768952381,0.205171073190476,-0.0313045319047619,0.185132564809524,NA,0.31962616552381,-0.000660837980952381,0.036428665,0.0533572287619048,0.0305804014761905,0.0738700852380952,0.209435069095238,0.228059368333333,0.0495153805238095
